Cluster,Recency,Frequency,Monetary,UniqueProducts,TotalQuantity,AvgOrderValue,PCA1,PCA2
0,242.4658981748319,0.8207855192240113,5.500159691894451,2.6244140824434607,4.711373731688716,3.024787951596158,-2.091131025734943,0.18675154778171674
1,30.08187134502924,2.235672067973263,8.251338434483355,4.69725076198106,7.699911415456645,3.175405788575595,2.5234733266219123,0.23357453213856544
2,52.02642007926024,1.1840153816247845,6.345933537491403,3.458956845956734,5.796376814826693,2.8757212894753845,-0.18151309349361788,-0.19112982440111637
