Algorithm,Silhouette Score,Davies-Bouldin Index
KMeans,0.2536061179874469,1.2752260571790375
Hierarchical,0.20830611413011607,1.4557776615969702
DBSCAN,-0.14873334575380015,1.8494876668044125
GMM,0.14003455106890178,1.8110126330805798
