Cluster,Monetary
0,20.01760411397513
1,29.59769078239955
2,50.38470510362533
