Cluster,Recency,Frequency,Monetary,UniqueProducts,TotalQuantity,AvgOrderValue
0,52.787361623616235,1.1459494640338912,6.298345304930584,3.4158191531136946,5.752613892248238,2.882743958957239
1,242.36433365292424,0.8212053375396698,5.507477467445169,2.620710790205909,4.714967093543116,3.035799093679964
2,30.34072759538598,2.214907359222092,8.166852632697605,4.6741686429890885,7.612105870859132,3.124584105910615
