Cluster,proportion
0,49.976947902259106
2,25.979714153988017
1,24.04333794375288
